fpr,tpr,thresholds
0.0,0.0,2.0
0.0012542401869958097,0.9995195361038244,1.0
1.0,1.0,0.0
