fpr,tpr,threshold
0.0,0.0,2.0
6.334726973267453e-05,0.9999447742648074,1.0
6.334726973267453e-05,1.0,0.7093951664026629
1.0,1.0,0.0
