fpr,tpr,threshold
0.0,0.0,2.0
0.001456987203851514,0.9997514841916333,1.0
1.0,1.0,0.0
