{
    "knn": {
        "inference_time": [
            310.12614933798613,
            315.7830462129932,
            314.6718462680001,
            312.94972941299784,
            314.5212390090019,
            316.05314119299874,
            313.8853376420011,
            311.5115826800029,
            313.36101914799656,
            313.06836651499907,
            312.2430238300003,
            316.40289490600117,
            313.10961783899984,
            312.45768608800427,
            312.28307051499723,
            311.99967105599353,
            314.8307923980028,
            312.8932158740063,
            315.2230365949945,
            313.97763818899693
        ]
    },
    "rf": {
        "inference_time": [
            18.4525814029912,
            18.54131182799756,
            18.579039771007956,
            18.490966584999114,
            18.526343972000177,
            18.591823517999728,
            18.5607181989908,
            18.573719787003938,
            18.562475782004185,
            18.58986622399243,
            18.585740131005878,
            18.56804427500174,
            18.554863163997652,
            18.56008473499969,
            18.565328563010553,
            18.57590263300517,
            18.592173091004952,
            18.577203516004374,
            18.563473450005404,
            18.588804368991987
        ]
    },
    "dt": {
        "inference_time": [
            3.9784736129950034,
            3.969956490007462,
            3.9444284060009522,
            3.9836196700052824,
            3.980438812999637,
            3.966435582988197,
            3.9508449620043393,
            4.003487272988423,
            3.982960109002306,
            3.9484723479981767,
            3.981319407990668,
            3.96847257000627,
            3.966120338998735,
            3.9690748440043535,
            3.9788317029888276,
            3.979845078996732,
            3.9668219850136666,
            3.9742409030004637,
            3.9673663720022887,
            3.941248524992261
        ]
    },
    "lr": {
        "inference_time": [
            3.932209166989196,
            3.9257505420100642,
            3.8956219839892583,
            3.9280348059983226,
            3.923457088007126,
            3.9318707159982296,
            3.901365372003056,
            3.9433339910028735,
            3.9249012240034062,
            3.9095240099995863,
            3.9271358979895012,
            3.9139345999865327,
            3.911060431986698,
            3.9156166250031674,
            3.9234493959957035,
            3.923335102997953,
            3.902556832996197,
            3.9057518079935107,
            3.916781533000176,
            3.8931378739944194
        ]
    },
    "xgb": {
        "inference_time": [
            3.2616565210046247,
            3.214901561004808,
            3.21724656499282,
            3.2270414210070157,
            3.2372994489996927,
            3.2243987309921067,
            3.225738569002715,
            3.2316582829953404,
            3.220170963992132,
            3.2326611500029685,
            3.2251642379997065,
            3.2297878240060527,
            3.232182671999908,
            3.2283587460115086,
            3.2227544029883575,
            3.244666236001649,
            3.2372180560050765,
            3.2279528910003137,
            3.2236936279950896,
            3.216604622997693
        ]
    },
    "mlp": {
        "inference_time": [
            4.1732946100091795,
            4.15008764299273,
            4.163171328997123,
            4.1631206829915754,
            4.172083929006476,
            4.167318649007939,
            4.175046443007886,
            4.151527144000283,
            4.173021846989286,
            4.166602851008065,
            4.1820437900023535,
            4.166232437986764,
            4.1689402280026115,
            4.173675922997063,
            4.15128827499575,
            4.165056850004476,
            4.148752527005854,
            4.130364174008719,
            4.155114089997369,
            4.159263933994225
        ]
    },
    "nb": {
        "inference_time": [
            4.198628469006508,
            4.170854372001486,
            4.180910094990395,
            4.1910125209979014,
            4.199184145007166,
            4.224731827998767,
            4.195406782004284,
            4.18078384900582,
            4.202318978001131,
            4.177067698008614,
            4.189870603004238,
            4.191571670002304,
            4.187753354999586,
            4.189860883998335,
            4.1553903259919025,
            4.1785733309952775,
            4.189295225995011,
            4.188588069999241,
            4.167186496008071,
            4.159944378989167
        ]
    },
    "svm": {
        "inference_time": [
            3.930723637997289,
            3.9137357069994323,
            3.9076307140057907,
            3.93482921901159,
            3.941604659004952,
            3.941225383998244,
            3.9246961339958943,
            3.905587638990255,
            3.920831645009457,
            3.9116827840043698,
            3.915825300005963,
            3.912610119994497,
            3.913830286997836,
            3.910050520004006,
            3.90846101900388,
            3.9024876260082237,
            3.903152956001577,
            3.9122334409912582,
            3.899333335997653,
            3.893698782994761
        ]
    }
}